PoloChau,severinhacker
PoloChau,albertocairo
PoloChau,FisherDanyel
PoloChau,LMNault
PoloChau,adarrow
PoloChau,JakeP
PoloChau,kimisperros
PoloChau,Prof_DavidBader
PoloChau,jonfroehlich
PoloChau,ibogost
PoloChau,khusape
PoloChau,TheNextCorner
PoloChau,zkancs
PoloChau,ddol
PoloChau,CptPositive
PoloChau,GTRI
PoloChau,kedwards
PoloChau,goodfellow_ian
PoloChau,dennybritz
PoloChau,austinbenson
severinhacker,switzerland099
severinhacker,hyrumwright
severinhacker,sieg
severinhacker,gabrielgambetta
severinhacker,RyanMunson21
severinhacker,kdub0
severinhacker,hmslydia
severinhacker,P4ndaGirl
severinhacker,StunnaDonDada
severinhacker,rickaroundhere
severinhacker,TimeSpaceOne
severinhacker,drob
severinhacker,triplejberger
severinhacker,daveclark
severinhacker,LexiBelc
severinhacker,ScottAdamsSays
severinhacker,cavanaughnate
severinhacker,christina_ooi
severinhacker,Steve_Ridout
severinhacker,tommmitchell
albertocairo,cbasturea
albertocairo,discoursemedia
albertocairo,aric_chokey
albertocairo,NZZStorytelling
albertocairo,jugalpatelNYT
albertocairo,Prof_BearB
albertocairo,shannimcg
albertocairo,bnj_cooley
albertocairo,juliagalef
albertocairo,Court_Jeffrey
albertocairo,NHC_Atlantic
albertocairo,johntstasko
albertocairo,eric_d_lawrence
albertocairo,_ritacosta_
albertocairo,ht0ma
albertocairo,al_hurley538
albertocairo,LaurenRohr
albertocairo,wihbey
albertocairo,SzaboHaslam
albertocairo,emilybartha
FisherDanyel,ken_hinckley
FisherDanyel,ieeevgtc
FisherDanyel,d3visualization
FisherDanyel,RabbiDoubleA
FisherDanyel,MattNegrin
FisherDanyel,20korg
FisherDanyel,LeeNapier7
FisherDanyel,GeneticJen
FisherDanyel,tanner_jaime
FisherDanyel,HannahFoxwell
FisherDanyel,vlandham
FisherDanyel,davidcrosss
FisherDanyel,Zipcar
FisherDanyel,CharlesPPierce
FisherDanyel,gillianrhayes
FisherDanyel,danulf
FisherDanyel,ann_leckie
FisherDanyel,thinkpiecebot
FisherDanyel,zeynep
FisherDanyel,GoldyHA
LMNault,docbaty
LMNault,ericsimons
LMNault,paulg
LMNault,joshcarpenter
LMNault,AndrewCrow
LMNault,NNgroup
LMNault,jnd1er
LMNault,blaurel
LMNault,mlssamrtn
LMNault,SoniaKoesterer
LMNault,girlracer68
LMNault,jlinowski
LMNault,monteiro
LMNault,lea_designer
LMNault,ericstrenger
LMNault,shodoshan
LMNault,livlab
LMNault,karaswisher
LMNault,Blair591
LMNault,ideo
adarrow,TwitterVideo
adarrow,VELUXAmerica
adarrow,FluidWaterMeter
adarrow,AltHHS
adarrow,AltForestServ
adarrow,NASA
adarrow,alt_fda
adarrow,NotAltWorld
adarrow,BadlandsNPS
adarrow,HalfOnionInABag
adarrow,ivanka
adarrow,MatureTrumpTwts
adarrow,ObamaWhiteHouse
adarrow,WhiteHouse
adarrow,FLOTUS44
adarrow,FLOTUS
adarrow,POTUS44
adarrow,EldridgeGravy
adarrow,jessleeST
adarrow,jsoltero
JakeP,Nate_Cohn
JakeP,RealTimeWWII
JakeP,anniejevans
JakeP,AndyRichter
JakeP,DesignTimes
JakeP,SelfAwareROOMBA
JakeP,BayNature
JakeP,jbarlekamp
JakeP,POTUS44
JakeP,POTUS
JakeP,LosFelizDaycare
JakeP,TerbilDraems
JakeP,rubbishdrawings
JakeP,NeutralGroundCo
JakeP,ScoutAlarm
JakeP,message
JakeP,blankonblank
JakeP,USDS
JakeP,SFBARTalert
JakeP,GoogleDesign
kimisperros,miccai2017
kimisperros,nih_nhlbi
kimisperros,mmitchell_ai
kimisperros,volkuleshov
kimisperros,argonne
kimisperros,GiorgioPatrini
kimisperros,AtlantaCTSI
kimisperros,AtlPedsResearch
kimisperros,hongliangjie
kimisperros,eleni_kosta
kimisperros,MTrrnt
kimisperros,negar_rz
kimisperros,Etsy
kimisperros,approxcorrect
kimisperros,ArthurGretton
kimisperros,wellingmax
kimisperros,ChrLouizos
kimisperros,crude2refined
kimisperros,Northeastern
kimisperros,ProfDaveAndress
Prof_DavidBader,gogaino
Prof_DavidBader,aysha_ali
Prof_DavidBader,yorkshiremonkey
Prof_DavidBader,GermanMezart
Prof_DavidBader,FrandelaCasa
Prof_DavidBader,Kloutstanding
Prof_DavidBader,turtlerobert901
Prof_DavidBader,Kati_Tuovinen
Prof_DavidBader,AnitaMEndeman
Prof_DavidBader,Bobby42Pi
Prof_DavidBader,rd79762000
Prof_DavidBader,Pierre_Designs
Prof_DavidBader,BitKassaNL
Prof_DavidBader,RCrowhorse
Prof_DavidBader,Syacoub76
Prof_DavidBader,EnginoToys
Prof_DavidBader,Rockadial
Prof_DavidBader,bitehard69
Prof_DavidBader,AitkenRL
Prof_DavidBader,SmithInterfaces
jonfroehlich,JohnAlexander
jonfroehlich,rameses888
jonfroehlich,rajakushalnagar
jonfroehlich,jesshami
jonfroehlich,ProactiveSleep
jonfroehlich,HandicapThis
jonfroehlich,PoloChau
jonfroehlich,AbeDavis
jonfroehlich,graydesign
jonfroehlich,DavidNemer
jonfroehlich,yasssjasss
jonfroehlich,vj_chidambaram
jonfroehlich,thompsonpat
jonfroehlich,User1st
jonfroehlich,bendevane
jonfroehlich,AMAC_tweet
jonfroehlich,MikeySaugstad
jonfroehlich,ahaAtARO
jonfroehlich,saiphcita
jonfroehlich,twi_mar
ibogost,UrbanLandInst
ibogost,kaitlinofficial
ibogost,coralsncaves
ibogost,dezeen
ibogost,iconeye
ibogost,Gastropodcast
ibogost,blueprintmag
ibogost,nicolatwilley
ibogost,tucker_ft
ibogost,tsmullaney
ibogost,markrobsf
ibogost,compilerguy
ibogost,deaneckles
ibogost,murraysd_
ibogost,GaTech_Planning
ibogost,zerobox
ibogost,NewUrbanism
ibogost,Mlsif
ibogost,MatthewGombolay
ibogost,Chartbeat
khusape,harrybr
khusape,glennsolomon
khusape,caldbeckj
khusape,meseali
khusape,pranjal_1981
khusape,vijaya
khusape,kcoleman
khusape,ArlanWasHere
khusape,sidpandey
khusape,djtokyo
khusape,rohitjain
khusape,mukuls97
khusape,NavinChaddha
khusape,hitobs
khusape,dkhare
khusape,leotor
khusape,anand_raj
khusape,venky13
khusape,manish_saarthi
khusape,arvindax
TheNextCorner,JonathanWilbur
TheNextCorner,ChristiJOlson
TheNextCorner,ChristiJBOlson
TheNextCorner,NWSBayArea
TheNextCorner,MoneyLynch
TheNextCorner,HSBC
TheNextCorner,TheJudge44
TheNextCorner,farmshelf
TheNextCorner,elguapo
TheNextCorner,thecounter
TheNextCorner,jaychoag
TheNextCorner,woodymarshall
TheNextCorner,TCVTech
TheNextCorner,nicoberman
TheNextCorner,warpling
TheNextCorner,MariekeRakt
TheNextCorner,laurashin
TheNextCorner,foe_us
TheNextCorner,EcoWatch
TheNextCorner,BOTUS
zkancs,b0rk
zkancs,LauraBehrensWu
zkancs,BlackGirlsCode
zkancs,sheplusplus
zkancs,portainerio
zkancs,KnowYourCompany
zkancs,cjlew23
zkancs,sxywu
zkancs,alignedleft
zkancs,tdda0
zkancs,NodeSource
zkancs,zzbennett
zkancs,stitchfix_algo
zkancs,reworkpodcast
zkancs,janexwang
zkancs,rsalakhu
zkancs,nalkalchbrenner
zkancs,OriolVinyalsML
zkancs,goodfellow_ian
zkancs,sirajraval
ddol,JamesTamplin
ddol,VelodyneLidar
ddol,CorrectNames
ddol,Kernasovskiy
ddol,aristeinberg
ddol,fivetentaylor
ddol,thereaIbanksy
ddol,kimmaicutler
ddol,atlasobscura
ddol,migueldeicaza
ddol,fredwilson
ddol,davemcclure
ddol,arstechnica
ddol,Voxitay
ddol,ConanOBrien
ddol,NASA
ddol,StephenAtHome
ddol,bballinger
ddol,CaseyNeistat
ddol,rebrosepdx
CptPositive,aclear
CptPositive,scottOfTheSci
CptPositive,shaunkane
CptPositive,jure
CptPositive,EatClubOrg
CptPositive,MenInBlazers
CptPositive,jofish
CptPositive,ayman
CptPositive,informor
CptPositive,lanayarosh
CptPositive,jwiese
CptPositive,NGorm
CptPositive,gillianrhayes
CptPositive,aninddey
CptPositive,marlowja
CptPositive,AndyRichter
CptPositive,ACMUIST
CptPositive,bigdata4people
CptPositive,WillJosephCook
CptPositive,manwhohasitall
GTRI,tweeplers
GTRI,VAVetBenefits
GTRI,DeptVetAffairs
GTRI,stampshealth
GTRI,FerstCenter
GTRI,CarolineGWood
GTRI,SSEFGeorgia
GTRI,BuildingIoT
GTRI,NetOfEverything
GTRI,iotconsortium
GTRI,TheIoT
GTRI,carolrclark
GTRI,ConversationEDU
GTRI,Alltop
GTRI,FromTheLabBench
GTRI,BuzzHootRoar
GTRI,ConversationUS
GTRI,duvall_jd2
GTRI,C4ISRNET
GTRI,PhysicsCentral
kedwards,NotAltWorld
kedwards,BarackObama
kedwards,HalfOnionInABag
kedwards,cursedimages
kedwards,internetofshit
kedwards,clmazin
kedwards,Snowden
kedwards,Oatmeal
kedwards,hcdeUW
kedwards,AwardsDarwin
kedwards,colin2sheds
kedwards,blairmacintyre
kedwards,GeorgiaTech
kedwards,ryangravel
kedwards,professorBodker
kedwards,beltlinepiper
kedwards,andrewmiller
kedwards,verbicidal
kedwards,asbruckman
kedwards,GavinNewsom
goodfellow_ian,RoyaMahboob
goodfellow_ian,vmcheung
goodfellow_ian,elianalorch
goodfellow_ian,johncoogan
goodfellow_ian,neilhimself
goodfellow_ian,indicoData
goodfellow_ian,geoffreyirving
goodfellow_ian,gstsdn
goodfellow_ian,cjmaddison
goodfellow_ian,machinaut
goodfellow_ian,yeewhye
goodfellow_ian,robertskmiles
goodfellow_ian,rivatez
goodfellow_ian,gyomalin_ML
goodfellow_ian,VitalikButerin
goodfellow_ian,TheGradient
goodfellow_ian,lschmidt3
goodfellow_ian,aleks_madry
goodfellow_ian,SwiftOnSecurity
goodfellow_ian,internetofshit
dennybritz,shimon8282
dennybritz,quantombone
dennybritz,VahidK
dennybritz,yablak
dennybritz,HirokoTabuchi
dennybritz,cinjoncin
dennybritz,LauraDeming
dennybritz,Samuel_DavidA
dennybritz,TheRealBenBall
dennybritz,lukede0
dennybritz,animesh_garg
dennybritz,mpd37
dennybritz,KaiLashArul
dennybritz,sbmckeon
dennybritz,lishali88
dennybritz,Img_Prasanna
dennybritz,FeryalMP
dennybritz,dmonett
dennybritz,Brombadil
dennybritz,tkasasagi
austinbenson,ItsMrLin
austinbenson,wiccornell
austinbenson,cornell_data
austinbenson,WittedNote
austinbenson,vsergei
austinbenson,dsivakumar
austinbenson,adityagrover_
austinbenson,louishyman
austinbenson,frank8m
austinbenson,UnitFact
austinbenson,earnmyturns
austinbenson,ClickHole
austinbenson,stoll_martin
austinbenson,PaulGAllen
austinbenson,cornell_tech
austinbenson,bouzoukipunks
austinbenson,RealTimeWWII
austinbenson,Prof_DavidBader
austinbenson,mlgworkshop
austinbenson,Himeldev
theceolibrary,severinhacker
LudoLatin,severinhacker
BarAlc58,severinhacker
TheG_Type,severinhacker
ArchAngelLPV,severinhacker
burculantonija,severinhacker
AdityaA19118052,severinhacker
RaffMisceo,severinhacker
MikeCaps,severinhacker
AwesomePittsbgh,severinhacker
hackernewsbot_,severinhacker
AlexKlarfeld,severinhacker
LLevasseur75,severinhacker
erichorvitz,severinhacker
PioneerMedy,severinhacker
hernan_katz,severinhacker
Edgaral05445590,severinhacker
egyseal,severinhacker
iseeyounyoucfu,severinhacker
vtang_25,severinhacker
robertskoro,albertocairo
Zotiful,albertocairo
StatisticsNick,albertocairo
sktoslima97,albertocairo
RadmallAndre,albertocairo
rajibnatore,albertocairo
dodge_design,albertocairo
GiambattistaMar,albertocairo
NicoleKDan,albertocairo
michellejtirado,albertocairo
MassimoPinna6,albertocairo
getfreshbi,albertocairo
discoursemedia,albertocairo
stirpedoro,albertocairo
EnjoyDigitAll,albertocairo
tandfnewsroom,albertocairo
AnalyticsPeople,albertocairo
MilieuInsight,albertocairo
Beautif63798462,albertocairo
theporra,albertocairo
flekschas,FisherDanyel
ken_hinckley,FisherDanyel
hmlizama,FisherDanyel
CatchKD7,FisherDanyel
jawalnut,FisherDanyel
yanlofe,FisherDanyel
philogb,FisherDanyel
SeattleHarvest,FisherDanyel
nickyzhi123,FisherDanyel
univienna_vda,FisherDanyel
minsukkahng,FisherDanyel
JennyRLyons,FisherDanyel
amitkaps,FisherDanyel
namwkim85,FisherDanyel
pciuccarelli,FisherDanyel
Metti_Hoof,FisherDanyel
nikiubel,FisherDanyel
markvsql,FisherDanyel
azatulep,FisherDanyel
ShivaniAurora,LMNault
JackPhan,LMNault
darksunshinedee,LMNault
ericsimons,LMNault
James044Brian,LMNault
ubikretail,LMNault
UXsnack,LMNault
venture12,LMNault
goshospain,LMNault
missiongirl4,LMNault
shodoshan,LMNault
LisaDOhio,LMNault
NoeticSeries,LMNault
LoveNVRDiesBook,LMNault
ipevzner,LMNault
nelsonmarteleir,LMNault
martinlong82,LMNault
mrpderbs,LMNault
banerjee_mamata,LMNault
andysz,adarrow
kplusr2,adarrow
UXsnack,adarrow
Antonioflpalenc,adarrow
kenudigit,adarrow
delcarpio321,adarrow
rideamigos,adarrow
neela_bell,adarrow
bethgalambos,adarrow
BrittneyBush,adarrow
wrdarrow,adarrow
ModusInstitute,adarrow
zaidhisham,adarrow
peacokle,adarrow
banerjee_mamata,adarrow
Nonnormalizable,adarrow
LaurentJanolin,adarrow
BurlinBritta,adarrow
Phooj,adarrow
coachdotme,JakeP
ElenaWerdath,JakeP
hazeshanshan,JakeP
Africa_VC,JakeP
lottisbp,JakeP
SouthCountyIzik,JakeP
baymonsters,JakeP
cruzisabela995,JakeP
figipyzimapu,JakeP
jbarlekamp,JakeP
PeeringPressure,JakeP
ngoclongnguyen3,JakeP
MountainLionP22,JakeP
RayBeau,JakeP
banerjee_mamata,JakeP
CrowdTMeeting,JakeP
adb19a44f36c456,JakeP
hungviet2004,JakeP
nuclearkatie,kimisperros
BeadedJewlery,kimisperros
PromoStoreOne,kimisperros
OscarJetson,kimisperros
SyidMassiah,kimisperros
WoodFlipbook,kimisperros
sethmessenger32,kimisperros
appliedmldays,kimisperros
minsukkahng,kimisperros
KaterinaElRaheb,kimisperros
Prof_DavidBader,kimisperros
danlizotte,kimisperros
ilknurkabul,kimisperros
junayedjion9,kimisperros
ryanallred,kimisperros
Tobias_Grosser,kimisperros
data_hpz,kimisperros
frank8m,kimisperros
shaden_smith,kimisperros
gabrielscotillo,Prof_DavidBader
IainLJBrown,Prof_DavidBader
19bq91,Prof_DavidBader
EnginoToys,Prof_DavidBader
AjaySha79382831,Prof_DavidBader
MarkSelinger,Prof_DavidBader
nichola_wilkin,Prof_DavidBader
erikvanderzee,Prof_DavidBader
girish_kini,Prof_DavidBader
jrsarne,Prof_DavidBader
JeffreyBuskey,Prof_DavidBader
EpocaNow,Prof_DavidBader
FKalthoff,Prof_DavidBader
petroseskinder,Prof_DavidBader
JLYEXR0459,Prof_DavidBader
ceherouxiii,Prof_DavidBader
born2data,Prof_DavidBader
simontarry76,Prof_DavidBader
InterfaceDev,Prof_DavidBader
amirieb,Prof_DavidBader
heorv,jonfroehlich
tentacleseal,jonfroehlich
JohnAlexander,jonfroehlich
markjamatthews,jonfroehlich
convoluted_code,jonfroehlich
datuixx,jonfroehlich
aneja_ap,jonfroehlich
rameses888,jonfroehlich
rajakushalnagar,jonfroehlich
skateprofessor,jonfroehlich
RollingWOLimits,jonfroehlich
developerach,jonfroehlich
bookofinnov,jonfroehlich
jwkritchie,jonfroehlich
We_are_upstart,jonfroehlich
britgerontology,jonfroehlich
jeffmatarrese,jonfroehlich
HandicapThis,jonfroehlich
RichardJWood,jonfroehlich
susandra,jonfroehlich
dud_eel,ibogost
_edduarte,ibogost
SchimmelONE,ibogost
BrohenheimVan,ibogost
reliant_bryant,ibogost
tulpenstampfer,ibogost
n__eil,ibogost
ryanjavanshir,ibogost
tiagomaiasousa,ibogost
johnty980,ibogost
captburgundy,ibogost
652Studio,ibogost
funwithiago,ibogost
RaminNasibov,ibogost
acceptembrace,ibogost
mattlinna,ibogost
geraldine_wck,ibogost
Digitalartres,ibogost
SteveElder,ibogost
SirajAdmani,ibogost
theantstand,khusape
Remi_Vladuceanu,khusape
MomFailPodcast,khusape
CAKISANPANDYA,khusape
ProPop2,khusape
ahmedalwailly43,khusape
mustafaaidl,khusape
Pmo6dw1295986,khusape
noveliciouss,khusape
FeelThree,khusape
Yhamegroup,khusape
arvindax,khusape
drjoyce_knudsen,khusape
muhamma59993363,khusape
pawankaushal,khusape
Super_Siddy,khusape
TitoBeat1,khusape
ChetanR95756164,khusape
aks_hai,khusape
Youngest_Moses,khusape
jenjacksonme,TheNextCorner
ffybglobal,TheNextCorner
mypassiontest,TheNextCorner
thepurposetest,TheNextCorner
MMPBook,TheNextCorner
eiupdates,TheNextCorner
Sandybillionboy,TheNextCorner
mdraselkhantaj,TheNextCorner
ankitmehra887,TheNextCorner
giladsal,TheNextCorner
KaniYarth,TheNextCorner
1HumanFromEarth,TheNextCorner
PHOTOTPB,TheNextCorner
npwleague,TheNextCorner
tag6311,TheNextCorner
1307_Monali,TheNextCorner
NickyC_TKD,TheNextCorner
upkeep_media,TheNextCorner
TimFranklinNJII,TheNextCorner
MarshallJulius,TheNextCorner
Nicochan33,zkancs
bjoernsmith,zkancs
ansarisaad,zkancs
oneplus1000,zkancs
rvrkj,zkancs
notsu,zkancs
CTO_AI,zkancs
Mohamed3_AboTal,zkancs
DigidustGrowth,zkancs
vedarthsharma,zkancs
dwhsieh,zkancs
TechNativeWire,zkancs
orbittest2,zkancs
EmekaData,zkancs
TAanderud,zkancs
JohnKNLL,zkancs
nicolemannann,zkancs
PostManWaz,zkancs
RoboticsAI2018,zkancs
dsimposters,zkancs
DibillGoda228,ddol
madbunny_911,ddol
CTO_AI,ddol
OBehaveYourself,ddol
coreyfro,ddol
NikhilS50,ddol
jonobacon,ddol
JessRTs_a_lot,ddol
Moviebnb,ddol
mostblue1,ddol
georgbauser,ddol
pmaceoin,ddol
gocountly,ddol
GoodAILab,ddol
bananamagick,ddol
acelr8,ddol
HostedGraphite,ddol
Voxitay,ddol
aslezak,ddol
jofish,CptPositive
msbernst,CptPositive
scottOfTheSci,CptPositive
ACMIUI,CptPositive
suefussell,CptPositive
IntercultComm,CptPositive
bigdata4people,CptPositive
kkarahal,CptPositive
khai_truong,CptPositive
hciprof,CptPositive
plopesresearch,CptPositive
nediyana,CptPositive
carlagriggio,CptPositive
cosleydr,CptPositive
jeffbigham,CptPositive
mattllee,CptPositive
ideasandinfo,CptPositive
genialee,CptPositive
da_lind,CptPositive
GAsGreatest,GTRI
keshav_sanjeevi,GTRI
dsatterfie,GTRI
PBlock96,GTRI
francismwongela,GTRI
Sanguineus21,GTRI
kenzymina,GTRI
LethJody,GTRI
katpatchris,GTRI
lindac0223,GTRI
mikeinajar,GTRI
RamblinJD,GTRI
Raphael_Oger,GTRI
tkread,GTRI
stephanieleejoy,GTRI
KAB_88,GTRI
asjipon,GTRI
Bmaustin7,GTRI
ChereStadler,GTRI
billblackstock,GTRI
bigdata4people,kedwards
debraruh,kedwards
MatthewGombolay,kedwards
ICatGT,kedwards
vivianmotti,kedwards
LexusVitamin,kedwards
Shneydave,kedwards
profmikefraser,kedwards
sociallycompute,kedwards
MarinaChong,kedwards
myriadbird,kedwards
thesaadismail,kedwards
Chris_Storm71,kedwards
jr_thomp,kedwards
hide_yourself,kedwards
acmDIS,kedwards
MiJaGourlay,kedwards
Alex_Drunkan,kedwards
acmtochi,kedwards
manyiuchung,goodfellow_ian
HariharasudhanA,goodfellow_ian
ertand,goodfellow_ian
wonderer_rm,goodfellow_ian
Sustain_Urban,goodfellow_ian
effeotto,goodfellow_ian
etaoinbe,goodfellow_ian
helsbels29716,goodfellow_ian
wogsland,goodfellow_ian
mmolaro,goodfellow_ian
Dr_Moh_Salama,goodfellow_ian
hell0m00n,goodfellow_ian
MattChowning,goodfellow_ian
hhhh37316623,goodfellow_ian
ImVinod,goodfellow_ian
leoniromain,goodfellow_ian
m_sostero,goodfellow_ian
GulCalikli,goodfellow_ian
Tehranix,goodfellow_ian
SakkeSulander,goodfellow_ian
SBonner0,dennybritz
SofianeSarni,dennybritz
billmuhh,dennybritz
ais_arul,dennybritz
dramirezarana,dennybritz
vamsi_hemadri,dennybritz
Instine,dennybritz
nlptown,dennybritz
RaidasG,dennybritz
banerjeesuman_,dennybritz
Graham42x,dennybritz
heslgyaty,dennybritz
8B_EC,dennybritz
SBozhko,dennybritz
born2data,dennybritz
johanferret,dennybritz
Kau62767497,dennybritz
wooihen,dennybritz
turuge,dennybritz
b_thaler,dennybritz
ItsMrLin,austinbenson
DaveWeasel,austinbenson
punirajah,austinbenson
IainLJBrown,austinbenson
vsergei,austinbenson
dsivakumar,austinbenson
m_sendhil,austinbenson
EcoinClub,austinbenson
adityagrover_,austinbenson
KuJerome,austinbenson
BrandiBair,austinbenson
frank8m,austinbenson
sensorcomm12,austinbenson
VerizonSupport,austinbenson
CornellInfoSci,austinbenson
stoll_martin,austinbenson
marcoscarvalho,austinbenson
Prof_DavidBader,austinbenson
mlgworkshop,austinbenson
SkochdopoleTodd,austinbenson